{"cameraMode":{"drawMode":0,"name":"Shaded","section":"Shading Mode"},"sceneLighting":true,"audioPlay":false,"sceneViewState":{"showFog":true,"showMaterialUpdate":false,"showSkybox":true,"showFlares":true,"showImageEffects":true,"showParticleSystems":true},"in2DMode":false,"pivot":{"x":220.0428466796875,"y":35.46389389038086,"z":-301.0495300292969},"rotation":{"x":0.6366682052612305,"y":0.032358746975660327,"z":-0.02675573155283928,"w":0.7699949741363525},"size":5.631546497344971,"orthographic":true}