{"cameraMode":{"drawMode":0,"name":"Shaded","section":"Shading Mode"},"sceneLighting":false,"audioPlay":false,"sceneViewState":{"showFog":true,"showMaterialUpdate":false,"showSkybox":false,"showFlares":true,"showImageEffects":true,"showParticleSystems":true},"in2DMode":false,"pivot":{"x":8.394546508789063,"y":-2.18595814704895,"z":-19.303613662719728},"rotation":{"x":0.35940977931022646,"y":-0.16063885390758515,"z":0.06294648349285126,"w":0.9171029329299927},"size":0.10606642067432404,"orthographic":false}