{"cameraMode":{"drawMode":0,"name":"Shaded","section":"Shading Mode"},"sceneLighting":false,"audioPlay":false,"sceneViewState":{"showFog":true,"showMaterialUpdate":false,"showSkybox":false,"showFlares":true,"showImageEffects":true,"showParticleSystems":true},"in2DMode":false,"pivot":{"x":1.4494493007659913,"y":2.4524998664855959,"z":-7.130995273590088},"rotation":{"x":-0.0002844498085323721,"y":-0.8798307180404663,"z":-0.0005304706282913685,"w":0.4752940535545349},"size":15.233972549438477,"orthographic":false}